[{
  "_id": {
    "$oid": "674f6007a1b4704d1d3bb150"
  },
  "id": 1,
  "name": "Bob Jones",
  "DOB": "09/17/1988",
  "Role": "Client"
},
{
  "_id": {
    "$oid": "674f6007a1b4704d1d3bb151"
  },
  "id": 2,
  "name": "Sarah Davis",
  "DOB": "04/17/2008",
  "Role": "Client"
},
{
  "_id": {
    "$oid": "674f6007a1b4704d1d3bb152"
  },
  "id": 3,
  "name": "Amy Friendly",
  "DOB": "03/15/1998",
  "Role": "Client"
},
{
  "_id": {
    "$oid": "674f6007a1b4704d1d3bb153"
  },
  "id": 4,
  "name": "Johnny Smith",
  "DOB": "05/07/1978",
  "Role": "Client"
},
{
  "_id": {
    "$oid": "674f6007a1b4704d1d3bb154"
  },
  "id": 5,
  "name": "Carol Spears",
  "DOB": "08/12/1988",
  "Role": "Client"
}]